タイトル,動画URL,再生回数,チャンネル登録者数,再生回数/チャンネル登録者数,登録日付
ドッグダンストリック：スピンを教える,https://www.youtube.com/watch?v=BxwDFOP0ajo,15,77,19,2020/04/28
【伊達武将隊】キラメイダンス【踊ってみた】,https://www.youtube.com/watch?v=eFafLb2aAv8,1819,2490,73,2020/04/27
【手洗いダンス】〜Wash Your Hands〜ゆうひなたver.,https://www.youtube.com/watch?v=hWtah2xmnfA,53901,195000,27,2020/04/27
お家でハンデッドダンスを踊ろう【HANDEAD ANTHEM】,https://www.youtube.com/watch?v=UHWMaPXLDcY,4656,21200,21,2020/04/27
いないいないばあっ❤とダンスのクセが強い…😆／パーフェクトヒューマン視聴…あれやるか！？　Peek-a-boo!!,https://www.youtube.com/watch?v=3crPhPEflGo,23351,28000,83,2020/04/27
４ｋ！ダンス！dance！お洒落な衣装！可憐なダンスを披露♪189,https://www.youtube.com/watch?v=5JIW_DFPfSc,475,1290,36,2020/04/27
SPROUT無料オンラインダンスレッスン / Kanoko 見本動画,https://www.youtube.com/watch?v=_3-EiW4g2w0,250,4640,5,2020/04/27
【社交ダンス】体幹トレ宿題シリーズ お腹周り,https://www.youtube.com/watch?v=kCFPIOjQveE,731,4180,17,2020/04/27
【Fortnite】棺桶ダンス1v1MAP‼︎,https://www.youtube.com/watch?v=5qZAUfenfGw,497,2880,17,2020/04/27
DANCE NATION2019 #ダンス舞台「私はアンドロイド」/ 演出・振付 楢木和也(梅棒) &amp; kie(Red Print) &amp; MITSUSHI,https://www.youtube.com/watch?v=VIHEYjfbJMw,303,451,67,2020/04/27
【おうちじかん】娘と楽しくダンス②,https://www.youtube.com/watch?v=32a-wyNUrH8,525,2630,19,2020/04/27
아이즈원(IZ*ONE) - AYAYAYA (Part.1) Dance Cover｜KPOPカバーダンス｜Dance Studio MARU (ayame.),https://www.youtube.com/watch?v=0hYhIHBtJ3w,225,720,31,2020/04/27
【おうちで楽しくダンスエクササイズ④】ジョンテの「DANCE UP!」簡単ダンスステップ 3 &amp; 4,https://www.youtube.com/watch?v=unGiC58HY7M,246,743,33,2020/04/27
★Vol.3～コーラス＆ダンスバージョン～HPACすみれの花咲く頃　プロジェクト,https://www.youtube.com/watch?v=8VnuQuitnoA,2231,1660,134,2020/04/27
【Coffin Meme full.ver】棺桶ダンスfull.ver,https://www.youtube.com/watch?v=K65OpF9WC2o,29073,1170,2484,2020/04/26
エスニックダンスレッスン-ボリウッド-,https://www.youtube.com/watch?v=GbMfg3tjyOs,479,342,140,2020/04/26
MINAKOの「お家でダンスパラダイス」vol.3[シュークフラッシュ ファンタステックな妄想LOVE]3分エクササイズです。運動不足解消にどうぞ！2020.4.27,https://www.youtube.com/watch?v=Sdx9YWsSheI,1431,819,174,2020/04/26
ルンバベーシク　Yinggui老師と聞き流し社交ダンス！⑤ベーシックとビッグカール　脱線回,https://www.youtube.com/watch?v=mkYheZkiTFc,299,325,92,2020/04/26
オンラインレッスン前に覚えておきたいハウスダンス基本ステップ3選,https://www.youtube.com/watch?v=3Ao_WidlOe0,211,798,26,2020/04/26
自粛中に自宅でTik Tokの「棺桶ダンス」を出現させる方法,https://www.youtube.com/watch?v=_fg4IJaKNas,7024,47900,14,2020/04/26
フィロソフィーのダンス「ダンス・オア・ダンス」リモート・ライブ,https://www.youtube.com/watch?v=h-Le7mXB68Y,24325,19700,123,2020/04/26
【TXT】お題ダンスが面白すぎたのでみてほしい（日本語字幕）ツッコミだらけ,https://www.youtube.com/watch?v=3CyRvuGXnCw,19770,1220,1620,2020/04/26
DCC vol.6 東野高等学校ダンス部 / テーマ：吸魄（ヴァンパイア）,https://www.youtube.com/watch?v=HZjKqztHj40,100,210,47,2020/04/26
【ダンス】『JUNES』学芸大青春 / 配信LIVE「WHO WE ARE !」2020.05.08 開催！,https://www.youtube.com/watch?v=JDU7emCQ0sw,44335,8110,546,2020/04/26
こりゃクセになる「どんどんどん はっけよい」ダンス♪がかわいいｗｗｗピアノを弾きながら…　Dance of Sumo Wrestler,https://www.youtube.com/watch?v=5rYniEx4qIc,31932,28000,114,2020/04/26
乾癬患者さん応援ソング「晴れゆく道」ダンス動画,https://www.youtube.com/watch?v=EPY_HDgrkeM,111,7,1585,2020/04/26
【U.S.A./DA PUMP】本人登場！２週間で痩せる！？ダンスエクササイズバージョン【#家で一緒にやってみよう】,https://www.youtube.com/watch?v=wFL41furS78,40004,10800,370,2020/04/26
【寝ながら３分】脚やせダンス！内もも引き締めて足痩せよう！#家で一緒にやってみよう,https://www.youtube.com/watch?v=4WTECmQMUw4,3146,1960,160,2020/04/26
ヒカキンで棺桶ダンス【COFFINDANCE】,https://www.youtube.com/watch?v=RdvitXmsUGk,8022,373,2150,2020/04/26
【Bad Guy】2週間で10kg痩せるダンス踊ってみた！,https://www.youtube.com/watch?v=0QhriFCxUgk,2598,10100,25,2020/04/26
#ライブピラダンス みんなで自宅で一緒にトレーニングしよう！#LivePiladance Let’s workout together at home!,https://www.youtube.com/watch?v=fLHJL88Q1TI,7838,62300,12,2020/04/25
【おうちで楽しくダンスエクササイズ③】ジョンテ モーニングの「DANCE UP!」簡単ダンスステップ 1 &amp; 2,https://www.youtube.com/watch?v=OuRw71Gxs9g,422,743,56,2020/04/25
Bellydance ベリーダンス 🇯🇵 早稲田大学ベリーダンスサークル SARAHbelly 2019 真夏の夜の夢 🇪🇬,https://www.youtube.com/watch?v=8tEfQcB_kDE,10811,39800,27,2020/04/25
【PSYCHO】2週間で10キロ痩せるダンス[Red Velvet|CoverDance],https://www.youtube.com/watch?v=RPi75ssioJs,2694,12200,22,2020/04/25
【痩せるダンス🔥】Dua Lipa - Physical コロナ太りを吹っ飛ばせ！洋楽でノリノリ脂肪燃焼ダイエット！,https://www.youtube.com/watch?v=jnJcnaaCG5I,5225,57900,9,2020/04/25
【ダンス】またまた現役TikTokがダンス伝言ゲームしたら難し過ぎたwww,https://www.youtube.com/watch?v=hQ6gIWizbCo,167727,441000,38,2020/04/25
#4 TIKTOKで流行の「棺桶ダンス」【COFFINDANCE】,https://www.youtube.com/watch?v=ew6uOn8BXw4,39093,9520,410,2020/04/25
SPROUT無料オンラインダンスレッスン /  KAKU / MORTAL COMBAT,https://www.youtube.com/watch?v=vfIY-Rv-CFo,255,4640,5,2020/04/25
【漫画】きわどい衣装でポールダンス！さらにはご褒美の❤❤❤【期間限定】【5/8(金)まで！】【ファンタジーラブコメ】【賢者ちゃんは悟ってない！９話】｜ドラドラプラス公式,https://www.youtube.com/watch?v=br1KIHakyG8,65698,36400,180,2020/04/25
マイケル・ジョーダン：ラストダンス公開！ NBA HORSEでマイク・コンリー優勝,https://www.youtube.com/watch?v=uxiB5eNmgCk,2853,9070,31,2020/04/25
【4Kベリーダンス】ウズメベリーダンス2014④ 【Japanese Belly Dancers】,https://www.youtube.com/watch?v=gK8S1kE04sY,4134,65400,6,2020/04/25
【HANDCLAP】ガチで踊ってみた | 2週間で10kg痩せるダンスを自粛中なのでベランダでやってみた,https://www.youtube.com/watch?v=OrDXetwR4yo,1750,1400,125,2020/04/25
【教えてみた】ドリームパレード ダンス振付(サビ),https://www.youtube.com/watch?v=bB-8LU2Y6jw,2300,2010,114,2020/04/25
手洗いダンス × 駅前テレビ編,https://www.youtube.com/watch?v=Kl-av3SNUcs,360,1540,23,2020/04/25
ゆゆうたで棺桶ダンス【COFFINDANCE】,https://www.youtube.com/watch?v=rDRg8uFFzeg,5477,373,1468,2020/04/25
棺桶ダンス　元ネタ　素材,https://www.youtube.com/watch?v=JDysWoGplRc,19456,1920,1013,2020/04/24
【TikTok】流行りのダンス ダンスメドレー ダンスまとめ,https://www.youtube.com/watch?v=trcbnFo0BUU,3656,1140,320,2020/04/24
Corona dance choreography commentary / コロナダンス　振付解説 / トゥワークみくり MiQri TWERK,https://www.youtube.com/watch?v=AWq8SU81tdk,9550,52200,18,2020/04/24
動画先生#036【サンバ(バウンズアクション)】社交ダンス。。。,https://www.youtube.com/watch?v=Eyu26O6mjgU,1261,5610,22,2020/04/24
【初心者用】乃木坂46『今、話したい誰かがいる』ダンス振付徹底解説！！【反転スロー】だんすーみん,https://www.youtube.com/watch?v=sa-vPhiRD7A,6956,11100,62,2020/04/24
【おうちで楽しくダンスエクササイズ②】ジョンテ モーニングの「DANCE UP!」ストレッチ編,https://www.youtube.com/watch?v=mPxq53l33_s,441,743,59,2020/04/24
【おうちで楽しくダンスエクササイズ①】ジョンテ モーニングの「DANCE UP!」ウォーミングアップ編,https://www.youtube.com/watch?v=lPIkQcCx06M,1091,743,146,2020/04/24
【自宅でエクササイズ】】ブレイクダンストレーニング②【エクササイズ】,https://www.youtube.com/watch?v=QUskV4QgGO4,1684,11400,14,2020/04/24
再星のダンス【ドラえもんおやくそく×金星のダンス】,https://www.youtube.com/watch?v=k03ZGQuGsJ8,26552,10200,260,2020/04/24
＃26　～大阪府×JDAC〜 みんなで踊ろう！☆めっちゃWAKUWAKUダンス☆【★☆お家でダンス☆★】,https://www.youtube.com/watch?v=almP_dN-EUk,1084,306,354,2020/04/24
SixTONES Telephone ダンス反転,https://www.youtube.com/watch?v=nDzcWS5gL0I,815,12500,6,2020/04/24
脂肪燃焼ダンスエクササイズ①,https://www.youtube.com/watch?v=dQl1halDzxE,10178,5100,199,2020/04/24
脂肪燃焼ダンスエクササイズ②,https://www.youtube.com/watch?v=XBYboxgyrjs,3168,5100,62,2020/04/24
おうちで練習してみよう！キッズダンススクール振り付け動画（スカイダイビング）,https://www.youtube.com/watch?v=P43d5dAwnmc,2333,5100,45,2020/04/24
ダンス振付チャレンジ【前半編】,https://www.youtube.com/watch?v=K7XFcZtiqNc,2017,5100,39,2020/04/24
ダンス振付チャレンジ【完成編】,https://www.youtube.com/watch?v=6Q-HC7plDc4,1781,5100,34,2020/04/24
おうちで練習してみよう！キッズダンススクール振り付け動画（探偵）,https://www.youtube.com/watch?v=ZQn_DIqrw80,1814,5100,35,2020/04/24
ダンスストレッチ②,https://www.youtube.com/watch?v=QHQkeXCmiLE,1071,5100,21,2020/04/24
ホロライブメンバーで棺桶ダンス/Coffin Dance with hololive #1【ホロライブ】,https://www.youtube.com/watch?v=6DxIN652sRc,6522,1830,356,2020/04/24
★Vol.1～コーラス&amp;ダンスバージョン～ HPACすみれの花咲く頃　プロジェクト,https://www.youtube.com/watch?v=ZTXeoYj24IA,13451,1660,810,2020/04/24
【チュワパネ！ガールズガールズ全員集合ver.】おはガール from Girls²『みんなで踊ろう！おはダンス！～朝からみんなを元気にする魔法の言葉 チュワパネ～』【おはスタ】,https://www.youtube.com/watch?v=iXPGq4UE-ZA,279323,31200,895,2020/04/23
保育園でのルーティーン🌈ダンスのクセ強めです。　Routine at the nursery／That&#39;s a strong characteristic～,https://www.youtube.com/watch?v=mV42HSFV8Aw,56591,28000,202,2020/04/23
【ダンス企画】イヤホンから流れるアニソンをダンスで伝えろ！,https://www.youtube.com/watch?v=5KoIA5ag1tA,35523,274000,12,2020/04/23
【棺桶ダンス】  棺桶ダンス1時間耐久   Casket dance,https://www.youtube.com/watch?v=PSZw1e9Qn-E,5766,77,7488,2020/04/23
【FF7R/作業用 BGM】蜜蜂の館 Honey Bee ダンス 曲のみ 声なし。ゲーム音楽【FF7リメイク/Final fantasy Ⅶ Remake/ファイナルファンタジーVIIリメイク】,https://www.youtube.com/watch?v=x4cpuJlfwnE,1158,15100,7,2020/04/22
自粛中ということで即興で痩せそうなダンス踊り狂ってみた💃【1週間で10キロ痩せそうなダンス】,https://www.youtube.com/watch?v=9AJbZV00j7s,103556,1440000,7,2020/04/22
街でダンス 店は大行列　新型コロナ収束!? 封鎖解除の中国,https://www.youtube.com/watch?v=Zbv8JrWpshI,224918,278000,80,2020/04/22
【ミタゾノ流ダンスエクササイズ】Hey! Say! JUMP「Last Mermaid...」（ドラマ主題歌）にのせて,https://www.youtube.com/watch?v=RPuq9cJlF1I,391218,354000,110,2020/04/20
石橋陽彩 #うちで踊ろう  ダンス編,https://www.youtube.com/watch?v=hh67Cn45Zg0,62893,91500,68,2020/04/19
[Beat Saber] Coffin Dance (EXPERT+),https://www.youtube.com/watch?v=nZNHD7zt1pE,4441820,652000,681,2020/04/18
【おかんと踊ろう】アラ還のお母さんとエアロビ風ダンス一緒に踊ってみた！＃家で一緒にやってみよう【痩せるダンス】,https://www.youtube.com/watch?v=5hlji1ZTO_o,710993,531000,133,2020/04/18
【おうちダンス】おうち時間にフラッシュダンスチャレンジ！！ #StayHome,https://www.youtube.com/watch?v=HazocvM9ceo,75741,224000,33,2020/04/18
【決定版】初心者用２０分の痩せるダンス筋トレ総集編！【下半身強化】＃家で一緒にやってみよう,https://www.youtube.com/watch?v=lTD1yuNErFg,201199,531000,37,2020/04/17
【早稲田】ベリーダンスサークル「SARAHbelly」の１日に密着！！！,https://www.youtube.com/watch?v=eovvtelaCfA,15549,20600,75,2020/04/17
SixTONES - Dance Game「ダンスジェスチャーゲーム」さらに盛り上がった！,https://www.youtube.com/watch?v=0Qw__97VgDo,820315,706000,116,2020/04/17
#18 Perfume【TOKYO GIRL】&quot;ダンスレッスン&quot; LIVE MC【練習用】,https://www.youtube.com/watch?v=YSr9bL8GXwA,56737,799000,7,2020/04/17
【SnowManの切り込み隊長】 佐久間大介くんのダンスが沼でしかない 【ダンス】,https://www.youtube.com/watch?v=hNwfhx8VQIU,115523,438,26375,2020/04/16
「4K 60 fps」 World&#39;s End Dancehall (ワールズエンド・ダンスホール) / wowaka | Miku &amp; Rin | MikuMikuDance (MMD),https://www.youtube.com/watch?v=QiBveEa_rXk,64639,20600,313,2020/04/15
【うちで踊ろう】ぺえのエクササイズダンス,https://www.youtube.com/watch?v=34eqZEdZoH8,53273,88700,60,2020/04/15
【17分連続】うちで踊ろう☆ダンス・たいそうメドレー♬うちで過ごそう★パプリカ、NHK「おかあさんといっしょ」からだ☆ダンダン、「いないいないばあっ！」ピカピカブ〜！、こどものうた・童謡など全7曲★,https://www.youtube.com/watch?v=rca3VtGLRG8,113214,74700,151,2020/04/15
花王 サクセス サクセス２４　シャンプー＆コンディショナー　気になるニオイダンス 動画広告 西野七瀬,https://www.youtube.com/watch?v=ced41idR4Jo,1374783,59100,2326,2020/04/14
【FF7 リメイク】キャバ嬢エアリスを本気のパーフェクトダンスで気分↑↑にさせるクラウドさん動画,https://www.youtube.com/watch?v=51vc6wNcozU,290493,2680,10839,2020/04/13
GENERATIONS/ヒラヒラ ダンスをスロー&amp;反転で徹底解説!【初心者もOK】,https://www.youtube.com/watch?v=spgNbR7-mog,20441,1430,1429,2020/04/13
NEW BEST COFFIN DANCING MEME COMPILATION  Full ～棺桶ダンス 60連発～,https://www.youtube.com/watch?v=oS9GkxV4MaU,549936,1430,38457,2020/04/13
【地獄の１２分】家でできる腹筋ダンスで速攻お腹痩せ！ドM専用ダイエット動画 #家で一緒にやってみよう【We Can ダンス】,https://www.youtube.com/watch?v=lWtW7cmwm2o,520115,531000,97,2020/04/12
クラウドダンス最高得点【FF7リメイク】- FINAL FANTASYVII REMAKE dance perfect score / PS4,https://www.youtube.com/watch?v=lrTkdBv_DYQ,834516,1360,61361,2020/04/11
＜NHK＞2020応援ソング「パプリカ」Foorin 新ダンスバージョン,https://www.youtube.com/watch?v=rLRKpq3xuug,384124,2070000,18,2020/04/11
【公開!!／43分動画】圧倒的カロリー消費／超痩せるダンスでダイエット【自宅で出来るエアロビクス・フルレッスン】#112,https://www.youtube.com/watch?v=QfZUb5mVVIc,30791,30000,102,2020/04/11
#5 Perfume【TOKYO GIRL】&quot;ダンスレッスン&quot; LIVE MC【練習用】,https://www.youtube.com/watch?v=2eF8najBITs,49733,799000,6,2020/04/11
【#17】蜜蜂の館でダンスバトルをするクラウド (チャプター9 欲望の街)【FF7リメイク】ファイナルファンタジー7 FINAL FANTASY VII REMAKE,https://www.youtube.com/watch?v=e9BYHsyMrVg,82125,59000,139,2020/04/10
【初心者用】乃木坂46『I  see...』ダンス振付徹底解説！4期生！新曲！【反転スロー】だんすーみん,https://www.youtube.com/watch?v=BOYJAF6Kd-w,23807,11100,214,2020/04/10
FUNNY COFFIN DANCE MEME- 葬式で陽気なダンスを持つ黒人の弟[ 面白い動画],https://www.youtube.com/watch?v=xoqqNPu_NbQ,107482,87,123542,2020/04/10
SixTONES - Dance Game「ダンスジェスチャーゲーム」やってみた！,https://www.youtube.com/watch?v=pZbZBosdtbg,995291,706000,140,2020/04/10
#2 Perfume【TOKYO GIRL】&quot;ダンスレッスン&quot; LIVE MC【練習用】,https://www.youtube.com/watch?v=tt30OZtvI0E,83288,799000,10,2020/04/09
#1 Perfume【TOKYO GIRL】&quot;ダンスレッスン&quot; LIVE MC【練習用】,https://www.youtube.com/watch?v=jBw_z3FNIJg,113091,799000,14,2020/04/09
棺桶ダンス,https://www.youtube.com/watch?v=kZoRmOSv9Uc,148384,1430,10376,2020/04/08
みらんはいきなりTikTokダンス踊ってくれる？,https://www.youtube.com/watch?v=TpR7Ezbis_s,317181,447000,70,2020/04/08
三代目 JSB新曲『Movin’ on』リリース記念に車内でドライブダンス!?,https://www.youtube.com/watch?v=QQG4yEHyRqw,98314,300000,32,2020/04/08
ダンスういちゃんダンス,https://www.youtube.com/watch?v=BUhwr-a4X1Y,83266,1450,5742,2020/04/08
【痩せるダンス】79万回再生の15分間カーディオダンスを頑張りました！,https://www.youtube.com/watch?v=APS7ZAccutI,118614,267000,44,2020/04/06
【決定版】家で飛ばない有酸素運動ダンスでダイエット！レッツ痩せるダンス！〜家で一緒にやってみよう〜,https://www.youtube.com/watch?v=7tP5hAmKmls,532480,531000,100,2020/04/06
【トヨタレンタカー】Let’s #ドライブダンス,https://www.youtube.com/watch?v=9fp8tm3hIZQ,206335,221000,93,2020/04/06
【AlbaNox】ビースト・ダンス歌って踊ってみた【第2弾】,https://www.youtube.com/watch?v=ODabhL7dxJ8,294607,33500,879,2020/04/05
【キラメイダンス】『魔進戦隊キラメイジャー』エンディング主題歌「キラフル ミラクル キラメイジャー」歌：出口たかし,https://www.youtube.com/watch?v=gEdbtibZnVY,114157,432000,26,2020/04/05
みんなも一緒に踊ろう！ダンス動画コ～ンテスト！！『Hey! Yo! So!　栄! 養! 素! 』踊ってみた！！himawari-CH,https://www.youtube.com/watch?v=R7U9U91R-TU,352179,2250000,15,2020/04/04
シスコーンダンス踊ってみた！ケロポンズと踊ってみよう！！『できるさ できるよ あさごはん/シスコーンズ』 ♥ -Bonitos TV- ♥,https://www.youtube.com/watch?v=nbtTU4zvW1M,112552,237000,47,2020/04/04
【在宅ダンス】三重中高ダンス部SERIOUS FLAVOR　#うちで踊ろう,https://www.youtube.com/watch?v=skiS5M-WjMQ,74799,887,8432,2020/04/04
【本気対決！】すずちゃんとTikTokで人気の曲でダンスバトル！！,https://www.youtube.com/watch?v=spFGn1hqJ7M,172658,450000,38,2020/04/03
【手洗い動画（Wash Your Hands）】〜嵐〜,https://www.youtube.com/watch?v=jSM0h8VPSZk,3388902,1470000,230,2020/04/03
【地獄の10分】家でできる脚痩せダンスで楽しくダイエット！＃家で一緒にやってみよう【タッチマイヘアダンス】,https://www.youtube.com/watch?v=fPVCgAei2hA,615193,531000,115,2020/04/02
【BL】ダンス初心者が頑張ってチューリングラブ歌って踊ってみた【かにちゃん ×まいたけ】,https://www.youtube.com/watch?v=zmqoN8LJtPg,210207,28600,734,2020/04/01
★ＳＯＭＰＯダンスプロジェクト　足が速くなるダンス,https://www.youtube.com/watch?v=QFicBOx2cEU,13381,2270,589,2020/03/31
【ダンスレッスン】ダンスレッスン公開！！【くれまぐ】【まなまや】,https://www.youtube.com/watch?v=YS5RpuWEZfM,136450,11400,1196,2020/03/31
Juice=Juice《ダンスレクチャー》ポップミュージック,https://www.youtube.com/watch?v=sJ-6y0htfo8,90550,84700,106,2020/03/31
【ヤクルト公式】ジョア「ダンスレクチャー」,https://www.youtube.com/watch?v=UXvTj1wpzkQ,655115,14300,4581,2020/03/31
【ヤクルト公式】ジョア「ジョアダンス」篇15秒,https://www.youtube.com/watch?v=TNGyDuYd5Ag,184892,14300,1292,2020/03/31
【ヤクルト公式】ジョア「ジョアダンス」篇30秒,https://www.youtube.com/watch?v=4En2F_M92Tw,2909362,14300,20345,2020/03/31
「ピナバタ」オープニング公開★矢作穂香×伊藤健太郎がダンスに挑戦！堀田茜×瀧本美織×筧美和子×Nikiもハイテンションに踊りまくるっ！【ドラマ特区「ピーナッツバターサンドウィッチ」公式】,https://www.youtube.com/watch?v=JYi869YZFvc,95542,39200,243,2020/03/30
【歌って踊ってみた】恋（3Dお披露目LIVE　ダンスVer）【にじさんじ/鈴原るる】,https://www.youtube.com/watch?v=RzvG2Lw_z18,374663,307000,122,2020/03/29
【キラメイダンス】出口たかしくんと大西洋平くんが踊ってみた！,https://www.youtube.com/watch?v=_mABszLwXQc,44584,432000,10,2020/03/29
【完コピダンス】７歳と３歳のプリキュアがなりきりダンス！ヒーリングっど❤︎プリキュア前期ED曲「ミラクルっと❤︎LinkRing」で歌って踊ったよ♪Precure Song and dance,https://www.youtube.com/watch?v=iVSzcigJWjs,174405,8400,2076,2020/03/29
【室内OK!!】静かに動ける有酸素運動／滝汗ダンスダイエット（エアロビクス）【初心者でも安心】#108,https://www.youtube.com/watch?v=ptdxtCidwG0,53635,30000,178,2020/03/28
【ショートバージョン】サッシャ 40代からダンス始めてみた 3回目 Sascha Dance Lesson Part 3,https://www.youtube.com/watch?v=CmhsUOd1jnM,330,1330,24,2020/03/28
☆ベリーダンス・ライブ・オンラインレッスン☆貴女を叶えるベリーダンス☆,https://www.youtube.com/watch?v=77AYrl8lclM,259,47,551,2020/03/28
☆オリエンタルダンス・ライブ・オンラインレッスンのお知らせ☆基礎力を強化しよう！,https://www.youtube.com/watch?v=cUcBFkaVZ-0,119,47,253,2020/03/28
「4K 60 fps」 World&#39;s End Dancehall (ワールズエンド・ダンスホール) / wowaka | Project DIVA Arcade Future Tone,https://www.youtube.com/watch?v=udg1bIBUzJM,554106,20600,2689,2020/03/27
『月とオオカミちゃん』Hina、圧巻のダンスパフォーマンス披露！ 恋愛トークでまさかの“だめんず製造機”発覚!?　『ゆきぽよの“めっかわ”ギャル祭り！byちっぽよTV！』,https://www.youtube.com/watch?v=0Ix_IQz6mU0,209351,864000,24,2020/03/27
【決定版】ドM専用！痩せるダンス総集編！本気の42分で自宅で簡単ダイエット！【＃家で一緒にやってみよう】,https://www.youtube.com/watch?v=-FIpVrcHkts,611613,531000,115,2020/03/27
【ダンス対決】ダンサーが本気でダンスTikTok対決🔥 #321,https://www.youtube.com/watch?v=ZkQHUg3-chE,201462,206000,97,2020/03/27
風男塾 (Fudanjuku) / ミュージック（ダンスVer.）,https://www.youtube.com/watch?v=E-WkALq0XvM,23796,123000,19,2020/03/27
広瀬すず、真顔でシュールにダンス　【PLANT TIME】TVCM「植物ミルクを知ってるかい」編＆メイキング,https://www.youtube.com/watch?v=YKr4MF9gTls,83691,864000,9,2020/03/27
サッシャ 40代からダンス始めてみた【3回目】 Sascha dance lesson part 3,https://www.youtube.com/watch?v=i1mYG-ld0Z8,395,1330,29,2020/03/26
ワールズエンド・ダンスホール 360° 描いてみた,https://www.youtube.com/watch?v=BQ0Mb_3IXLs,67368,185000,36,2020/03/26
豆乳グルト「豆乳グルトダンス」短篇/伊原六花,https://www.youtube.com/watch?v=bv3yR6VZoRU,198830,297,66946,2020/03/26
Fortnite フォートナイト エモート・ダンス328種類紹介！Introduction of Emote 328 types,https://www.youtube.com/watch?v=xyMQGEa9bCM,297420,56900,522,2020/03/25
三代目 J SOUL BROTHERS from EXILE TRIBE  /「Movin&#39; on」ドライブダンスムービー,https://www.youtube.com/watch?v=oQ_4muCDQEk,133313,1650,8079,2020/03/25
【踊ってみた】プチアガール【ダンスver.】,https://www.youtube.com/watch?v=z0JNHKmvYT8,877889,876000,100,2020/03/24
(神回)ベガスでストリートダンサーとダンスバトル！,https://www.youtube.com/watch?v=ZLZlvHYu2Xk,591726,178000,332,2020/03/22
【決定版】３２分のお腹が痩せるダンス&amp;筋トレで本気でダイエット！一緒に腹筋しよう！家で一緒にやってみよう,https://www.youtube.com/watch?v=yZSw9QebVK4,329106,531000,61,2020/03/22
HiHi Jets【ダンス動画】ZENSHIN (dance ver.),https://www.youtube.com/watch?v=g2Ab5EuY6MM,584844,1080000,54,2020/03/22
銀河団from劇団番町ボーイズ☆「キラメイダンス！」を踊ってみた！,https://www.youtube.com/watch?v=lLpbZgPpqQs,532220,6490,8200,2020/03/22
KinKi Kids 新堂本兄弟（生田斗真）「Tell me」のダンス覚えてる? ダーリング 2009 4 26 レア特選,https://www.youtube.com/watch?v=hzFluirjHcs,192660,10300,1870,2020/03/22
美 少年【ダンス動画】LALA love(dance ver.),https://www.youtube.com/watch?v=sO6FueHH0tc,769549,1080000,71,2020/03/21
【乃木坂46踊ってみた】下村彩里アナ本気ダンスに元乃木坂46・斎藤ちはるアナが緊急参戦!!【女子アナダンス部・練習編】,https://www.youtube.com/watch?v=Wmo93ezpHoo,1050144,135000,777,2020/03/21
最新の人気&amp;おすすめな洋楽ダンスミュージック 【2020年03月21日】,https://www.youtube.com/watch?v=Y3PvlVrbovI,167533,94300,177,2020/03/20
【飛ばないHANDCLAP１５分ノーカット】２週間で１０キロ痩せるダンスをいろんな洋楽で踊ってみた！【４００万再生&amp;登録者２０万人記念】家で一緒にやってみよう,https://www.youtube.com/watch?v=MGTHu9gRQWM,409166,531000,77,2020/03/18
【ダンス】現役TikTokerが今回もダンス伝言ゲームをしてみたら面白すぎたwwwww,https://www.youtube.com/watch?v=PO5ABAeFmjA,633109,441000,143,2020/03/18
【HIP】2週間で10kg痩せたいダンス　 mamamoo,https://www.youtube.com/watch?v=kWXlEyzaXck,318860,13000,2452,2020/03/18
【腰肉撃退ダンス】贅肉落としてスッキリさせよう【自宅で脂肪燃焼ダイエット】 #103,https://www.youtube.com/watch?v=syHHtUvKaeY,42947,30000,143,2020/03/17
【嵐 公式ティックトック】クセ強め?! Turning Up ダンス【ターニングアップ】,https://www.youtube.com/watch?v=tnE3sVFxcdU,1197863,27800,4308,2020/03/17
【Shake It Off】2週間で10kg痩せたいダンス,https://www.youtube.com/watch?v=it09aBN-sIw,483142,13000,3716,2020/03/16
JO1｜【公約実践＃3】川尻蓮『無限大(INFINITY)』ダンスレクチャー(Dance Tutorial)-前編,https://www.youtube.com/watch?v=rK1QFDx-qCg,437731,306000,143,2020/03/16
JO1｜【公約実践＃3】川尻蓮『無限大(INFINITY)』ダンスレクチャー(Dance Tutorial) -後編,https://www.youtube.com/watch?v=iYOJ_LVHZ18,198382,306000,64,2020/03/16
ケロポンズと踊ろう『できるさ できるよ あさごはん／シスコーンズ』ダンスおてほん動画,https://www.youtube.com/watch?v=daB6BqGoidc,24064,218000,11,2020/03/16
【初心者用】5分で痩せる！ダンスダイエット！LIVEダイエットフィットネス Vol.1〜紅蓮華/LISA〜【鬼滅の刃】,https://www.youtube.com/watch?v=sdhyO5sSyjA,112688,823,13692,2020/03/15
高校ダンス部🌷ステージpart3🎯DANCE CLUB,https://www.youtube.com/watch?v=dD8rHgdkW2E,1494,6760,22,2020/03/15
世界で１番再生されてる痩せるダンスを踊ってみたから一緒に踊ろう！自宅で簡単アレンジver.【ダイエット】,https://www.youtube.com/watch?v=wg_HpqrgmoA,533335,531000,100,2020/03/15
【15分ノーカット】2週間で10kg痩せるダンスをいっしょに踊ろう！HAND CLAP,https://www.youtube.com/watch?v=6EuYIBOxZoY,172466,461000,37,2020/03/14
【田中萌ダンス第２弾】今度は日向坂46!?本気ダンス練習中!!【女子アナダンス部】,https://www.youtube.com/watch?v=nxa84XZSd3A,97675,135000,72,2020/03/14
Paprika 英語バージョンダンス動画メイキング Kan &amp; Aki&#39;s CHANNEL,https://www.youtube.com/watch?v=-Lg1Z-pX8EM,912026,3000000,30,2020/03/14
【３分】二の腕・肩こりに効く簡単タオルダンス！座ったまま楽しく痩せるダンスでダイエット！【自宅で運動不足解消】家で一緒にやってみよう,https://www.youtube.com/watch?v=r26YFOI7XcU,287536,531000,54,2020/03/14
かんあきが歌うPaprika 英語バージョン♪パプリカダンス,https://www.youtube.com/watch?v=IaWNeCcAMRE,1900741,3000000,63,2020/03/13
【魔進戦隊キラメイジャー】みんなで踊ろう！キラメイダンス   反転  練習用,https://www.youtube.com/watch?v=ZffcM4A02z0,270541,395,68491,2020/03/12
『ジャストダンス2020』フルソングリストトレーラー,https://www.youtube.com/watch?v=IR-ap74IhLs,82131,204000,40,2020/03/12
ダンス,https://www.youtube.com/watch?v=DWsdP0O_QpA,24,19,126,2020/03/12
【密着PayPay】ペイペイ新ダンスへの挑戦【宮川大輔さん】,https://www.youtube.com/watch?v=GIhf4khVCCE,5241306,7120,73613,2020/03/12
①ＥＸＰＧダンスレッスン EXILE「Rising Sun」振り付け インストラクター ATSUMI 【日刊スポーツ】,https://www.youtube.com/watch?v=IXEoQOkp7Vc,16081,6320,254,2020/03/11
ARASHI’S DIARYから大野さんのダンスの秘密を探る会,https://www.youtube.com/watch?v=SKZOGh635nY,154054,48400,318,2020/03/09
【10分集中】全身痩せるダンス(マンションでも),https://www.youtube.com/watch?v=A7tYTvrgNak,115441,461000,25,2020/03/09
【３D】JK✨がｵﾊﾞ…お姉さん💕にダンスレッスン💃【ホロライブ/宝鐘マリン・夏色まつり】,https://www.youtube.com/watch?v=N4i8zePp5Zc,345095,298000,115,2020/03/08
【TXT】 BTSダンスを完コピ&amp;倍速ダンスに挑戦！｜『週活！TOMORROW X TOGETHER』AbemaTVで毎週日曜よる8時,https://www.youtube.com/watch?v=dSTB_j-lkU8,406669,1420000,28,2020/03/08
【初心者用１０分】超簡単な動きで痩せるダンス！自宅でできる全身運動で脂肪燃焼！【飛ばずに痩せる筋トレダンスでダイエット】家で一緒にやってみよう,https://www.youtube.com/watch?v=y7QYqARQJeY,471299,531000,88,2020/03/08
【初公開／４０分動画】超痩せるダンスでダイエット（保存版フルレッスン）【エアロビクスで脂肪を燃やそう】#100,https://www.youtube.com/watch?v=FJ_2gsVljAQ,80834,30000,269,2020/03/08
みんなで踊ろう！キラメイダンス！（キラメイチェンジver.）【公式】／「魔進戦隊キラメイジャー」エンディング,https://www.youtube.com/watch?v=ae3aWjVdctg,771209,1090000,70,2020/03/08
みんなで踊ろう！キラメイダンス！【公式】／「魔進戦隊キラメイジャー」エンディング,https://www.youtube.com/watch?v=7PvDKxGMUwg,2447095,1090000,224,2020/03/08
ダンス動画の撮影裏はこんな感じ！〜ダンスレッスンから撮影まで〜,https://www.youtube.com/watch?v=Weul5FnBkL0,521174,3000000,17,2020/03/07
『ジャストダンス2020』ソングリストトレーラー Part2,https://www.youtube.com/watch?v=CtUOf9YrAV8,19410,204000,9,2020/03/06
ピカチュウとかんあきたちがアイドルになってダンス！ピピピピ★ピカチュウ〜10まんボルトのスマイルで世界を変えて~,https://www.youtube.com/watch?v=c9ZNlexqHB4,869552,3000000,28,2020/03/06
【髭男メドレー】超痩せるダンス　ダイエットエクササイズ　レベル3,https://www.youtube.com/watch?v=30UZcHn3jQM,64709,7060,916,2020/03/05
久しぶりに本気ダンスバトルをする事に。。。！,https://www.youtube.com/watch?v=aWlwKC3T8sQ,339839,639000,53,2020/03/03
ベリーダンス・オンラインレッスン開講！2020年3月4日 AALANJU,https://www.youtube.com/watch?v=lBmSIEA--Rk,936,68,1376,2020/03/03
ダンスの基本「アップ」レクチャー【おうちでストリートダンスチャレンジ】,https://www.youtube.com/watch?v=DmBFIykwKYE,631,372,169,2020/03/02
準備体操【おうちでストリートダンスチャレンジ】,https://www.youtube.com/watch?v=ljUHMq8LJlM,854,372,229,2020/03/02
正義に仕える気高き魂でケボーンダンス！！,https://www.youtube.com/watch?v=oQE3wEMf0uE,198988,67000,296,2020/03/01
「魔進戦隊キラメイジャー」ピンク・工藤美桜、エンディングダンスに苦戦？ インタビュー,https://www.youtube.com/watch?v=OsCuK5nNtdk,287465,1640000,17,2020/02/29
BTS (방탄소년단) &#39;ON&#39; dance tutorial　バンタン「オン」ダンス 振り付け解説,https://www.youtube.com/watch?v=IiSnNAQOh-k,37379,75100,49,2020/02/29
【K-POP】話題のMAMAMOOの歌でダイエットダンスしてみた【HIP】ㅣBLOSE UP,https://www.youtube.com/watch?v=BUBghv-DI84,290178,1270,22848,2020/02/28
『ジャストダンス2020』 撮影の裏側～KPOP編～,https://www.youtube.com/watch?v=ZWvYohphiHc,54345,204000,26,2020/02/27
【腰肉撃退】11分の痩せるダンスでお腹周りの浮き輪をなくそう！くびれを作る筋トレダンス/マンションOK/飛ばない【ダイエット】家で一緒にやってみよう,https://www.youtube.com/watch?v=aI8hdbfb96I,1212650,531000,228,2020/02/25
ベリーダンス踊ってみた,https://www.youtube.com/watch?v=0mUkqnjyysc,75153,9940,756,2020/02/24
【ラタタ】振り付けダンスレッスン。NAOTOが教えます！【Rat-tat-tat】,https://www.youtube.com/watch?v=C8VQTdqGiLo,737473,300000,245,2020/02/21
【未公開シーン】踊れたらかっこいい！シャッフルダンス,https://www.youtube.com/watch?v=aDNaf859Zeo,676193,79300,852,2020/02/18
美 少年【ダンス伝言ゲーム】音声通話だけで伝えて！,https://www.youtube.com/watch?v=xQJ-sHBMnJU,441013,1080000,40,2020/02/17
アンジュによるブリキノダンスがかっこ可愛すぎる…,https://www.youtube.com/watch?v=6fvvGGFz3Ro,213478,1960,10891,2020/02/16
成田組ショーダンス【奇想曲】（社交ダンス）,https://www.youtube.com/watch?v=kSYQF3xr3Y0,697,181,385,2020/02/16
叡智の騎士＆剛健の騎士でケボーンダンス！！,https://www.youtube.com/watch?v=MRaKu-1lAMM,182173,67000,271,2020/02/16
佐久間大介 ダンス特集,https://www.youtube.com/watch?v=ZD5xmfmElCk,212203,927,22891,2020/02/14
フィロソフィーのダンス/シスター（ライブ・アット・スタジオ・コースト）,https://www.youtube.com/watch?v=75t6SLlTaI0,141490,19700,718,2020/02/13
【複合MAD】ブリキノダンス 作り直した 『アニメーション Anime Mix』Buriki no Dance Reworked,https://www.youtube.com/watch?v=fUD9cVsJc5g,322060,14600,2205,2020/02/11
本田翼がキレキレダンス！LINEモバイルダンス新作は段差セットに苦戦!? 　“LINEモバイルダンス” 新TVCM「LINEモバイルダンス・サプライズ」篇,https://www.youtube.com/watch?v=LWNDDl6G2vU,557450,864000,64,2020/02/10
【地獄の3分】痩せるダンス〜小島よしおver〜で短時間で楽しく汗だく！激しいけど飛ばずにマンションOK！家で一緒にやってみよう,https://www.youtube.com/watch?v=zQKE3xx7QyU,143575,531000,27,2020/02/07
広瀬すず、ミニワンピで軽快なダンス披露！可愛く決めポーズ　『ソフトバンクロボティクス』新テレビCM「Whizで隠れダスト掃除」篇＆メイキング,https://www.youtube.com/watch?v=Y-Wlxq_xhms,764478,864000,88,2020/02/03
SUNMI 선미/LALALAY 날라리 カバーダンス,https://www.youtube.com/watch?v=eHRtFEdf624,27406,11100,246,2020/02/02
【飛ばない15分】マンションOK！楽しく痩せるダンスで全身の脂肪をごっそり落とす！〜10万人記念の脂肪燃焼ダンスで滝汗！〜　家で一緒にやってみよう,https://www.youtube.com/watch?v=zBdcY4JV1wA,743700,531000,140,2020/02/02
エンディングダンスも覚えちゃおう！『ヒーリングっど♥プリキュア』大大大紹介！！,https://www.youtube.com/watch?v=5i6XGNaP9Js,2904810,308000,943,2020/02/02
[びじゅチューン！] ダンス寿司 | NHK,https://www.youtube.com/watch?v=6Gq2onDDEl0,353441,2070000,17,2020/01/29
【ENGsub】日本のアイドル界を牽引するダンスがここにある！嵐の大野智さんを徹底解説！,https://www.youtube.com/watch?v=l-Lw1CwQi5E,591789,48400,1222,2020/01/28
【ダンス】3世代13人のプリキュアがキレッキレのエンディングダンスを生披露!『映画プリキュアミラクルリープ みんなとの不思議な1日』製作会見,https://www.youtube.com/watch?v=jaxpGsT0ltQ,333757,17200,1940,2020/01/28
【地獄の11分】マンションOK！キツイけど病みつきになる痩せるダンス！〜ノリノリ音楽で飛ばない腹筋ダイエット〜【#stayhome】,https://www.youtube.com/watch?v=Xp2meYR_fIA,2562636,531000,482,2020/01/26
ヒロイン育成計画/HoneyWorks 反転＆スロー【ダンスチュートリアル】,https://www.youtube.com/watch?v=0FAakZAS3D0,190818,59300,321,2020/01/25
【3分】マンションOK！飛ばない痩せるダンスで自宅で簡単脂肪燃焼！産後ダイエットにも！!家で一緒にやってみよう,https://www.youtube.com/watch?v=SoQzMJYEvZc,774359,531000,145,2020/01/22
痩せるダンス【ジャンプなし有酸素運動】うるさくないからアパートでもＯＫ #088,https://www.youtube.com/watch?v=eIfuMvkZOXo,194317,30000,647,2020/01/20
フィロソフィーのダンス 「ダンス・ファウンダー」,https://www.youtube.com/watch?v=xp3RbFcaxD8,469142,1080,43439,2020/01/19
【奇跡】現TikToker達がダンス伝言ゲームをしたら完璧すぎた、、！？,https://www.youtube.com/watch?v=S9R4knxa19Y,1703608,441000,386,2020/01/18
Legend UNIVERSE 2019 WINNER!! | 登美丘高校ダンス部（振付：akane） |“  Can&#39;t Stop Dancing!! “,https://www.youtube.com/watch?v=PYkSk4lkJNg,150414,470,32002,2020/01/17
『ジャストダンス2020』トレーラー,https://www.youtube.com/watch?v=d0ArYxOw33Q,135533,204000,66,2020/01/17
【地獄の11分】マンションOK！飛ばない脂肪燃焼ダンスで全身の脂肪をみるみる燃やす！【痩せるダンスダイエットで正月太り解消！】#家で一緒にやってみよう,https://www.youtube.com/watch?v=KxzZJwmB8qc,4780584,531000,900,2020/01/15
第二回企業対抗ダンス部コンテスト(CCDC vol.2) TRAILER,https://www.youtube.com/watch?v=oG6DXgVUT14,181,3,6033,2020/01/14
【複合MAD】ブリキノダンス | アニメ Anime mix,https://www.youtube.com/watch?v=cZi1Jo20yys,258058,14600,1767,2020/01/13
【ダンスバトル】どちらが本物の&quot;リサイタルズ&quot;か決着をつけます。,https://www.youtube.com/watch?v=M8uzO75zbtM,2252809,5230000,43,2020/01/10
【痩せるダンス】1100万回再生された脂肪燃焼ダンスでダイエット！９分間で全身の脂肪をみるみる燃やす！【Work Out: Dance to Burn Fat】#家で一緒にやってみよう,https://www.youtube.com/watch?v=WzWVCkZMyYU,1623962,531000,305,2020/01/10
しーちゃんと目隠しダンスに挑戦したらただの事故動画になった・・ｗｗ,https://www.youtube.com/watch?v=qMEk0TVAWTI,492212,350000,140,2020/01/10
唯一の コミュニケーション・サルサ  楽しく癒される 大人のお洒落な ダンススクール ダンス教室 ダンスレッスン 人気ダンス 貴方もすぐに始められる！,https://www.youtube.com/watch?v=vZp9tMzIBbA,199,184,108,2020/01/09
【新衣装で】ビースト・ダンス　歌ってみた【相羽ういは/にじさんじ】,https://www.youtube.com/watch?v=5BnhQbcPrBg,239556,117000,204,2019/12/30
【踊ってみた】ももいろクローバーZさんと全力ダンス！,https://www.youtube.com/watch?v=jNJOmuAPpUU,1355338,1950000,69,2019/12/30
一緒に踊ろう♪「カラフル・パーティ」ダンスバージョン☆振付練習☆himawari-CH,https://www.youtube.com/watch?v=gaokw97kGAE,3082646,2250000,137,2019/12/29
【文化祭】文化祭で熱狂したかっこいい神ダンス,https://www.youtube.com/watch?v=BbPhy1pEGFE,644123,2010,32045,2019/12/28
【痩せすぎ注意ダンス】簡単な動きで痩せるダイエットダンスを踊ってみたから一緒に踊ろう！【毎日10分】家で一緒にやってみよう,https://www.youtube.com/watch?v=dJw0g2Y_qnA,714102,531000,134,2019/12/27
パンジー・ダンス/GUMI,https://www.youtube.com/watch?v=bO1iWHzPKOw,487,267,182,2019/12/26
ついに実写化！マルシンハンバーグのみみちゃんＣＭダンス/マルシンハンバーグ,https://www.youtube.com/watch?v=hnMThd945aM,53851,20,269255,2019/12/26
2019ちょうふグローバルフェスタ☆タヒチアンダンス⑥Tahitian dance,https://www.youtube.com/watch?v=qJv4cxJzQFA,177662,2900,6126,2019/12/22
駅で「パプリカ」を弾いたら合唱とダンスが発生して奇跡的な空間になった！？【ストリートピアノ】,https://www.youtube.com/watch?v=6Gko4YZejIc,2062147,373000,552,2019/12/19
本田仁美バク転ダンス Hitomi Honda Backflip Dance  with AKB48 Team8,https://www.youtube.com/watch?v=G0bD40HWB08,706593,743,95100,2019/12/19
【文化祭】文化祭のレベルを超えた神ダンス,https://www.youtube.com/watch?v=dGAcCUEnLBk,3006822,2010,149593,2019/12/18
【地獄の10分】2500万回再生された腹筋ダンスがキツイけど効く！痩せるダンスダイエット【10 Minute Cardio Dance Abs Workout 】StayHome,https://www.youtube.com/watch?v=R8yGSd7FTSg,1553795,531000,292,2019/12/17
【高校生ダンス文化祭】機材トラブルでぐだぐだに…と思ったら…,https://www.youtube.com/watch?v=viFtursSM0k,574755,18800,3057,2019/12/15
そらる×うらたぬき-金星のダンス【歌ってみた】,https://www.youtube.com/watch?v=D9Tc_p8y8XA,742756,941000,78,2019/12/15
【フルver】Rat-tat-tatダンス踊ってみた!!!【WhiteAコラボ】,https://www.youtube.com/watch?v=5wjzXWxLxng,590170,27700,2130,2019/12/11
映画連動ダンス曲【しまじろうと　そらとぶふね：「ウンパパたいそう」】こどもちゃれんじ【しまじろうチャンネル公式】,https://www.youtube.com/watch?v=vdiwKYXSVms,700226,1550000,45,2019/12/10
横浜ダンスコレクション2020　/　Yokohama Dance Collection 2020,https://www.youtube.com/watch?v=bTxw7IwCjBM,215,386,55,2019/12/09
【TikTok】流行ダンス♢﻿流行りのダンス集めてみた,https://www.youtube.com/watch?v=13dPkiFUTAg,734816,1140,64457,2019/12/08
HoHoHo メリークリスマス 【歌詞 ダンス振り付き】かほせい☆ カラオケ配信始まりました,https://www.youtube.com/watch?v=JUhVTWHNR1Q,1574442,682000,230,2019/12/07
千鳥ノブ、セクシー女子にきわどいダンスで誘惑されてニヤニヤが止まらない♡!?奥さん大好きなノブは最後まで耐えることはできる？『チャンスの時間 #72』毎週水曜よる11時アベマTVで放送中！,https://www.youtube.com/watch?v=l5zv0cKlsEU,353417,1420000,24,2019/12/04
【嵐 公式ティックトック】ARASHI - Turning Upダンス(プレコーラスバージョン・コーラスバージョン)【12月1日】,https://www.youtube.com/watch?v=tNeTJtCGRrE,1825331,27800,6565,2019/12/01
【スポーツ庁】女性スポーツ促進キャンペーン オリジナルダンス「Like a Parade」,https://www.youtube.com/watch?v=qh-IXtl0ykY,45197,1570,2878,2019/11/28
京都橘高校吹奏楽部 大阪キャッスルマーチング 「Dances with Devils」- ダンス ウイズ デビルズ - メインカメラver. Kyoto Tachibana SHS Band,https://www.youtube.com/watch?v=zB6l8ZFAqgI,121780,20000,608,2019/11/25
「ププッとフムッとかいけつダンス」左右反転【100%】,https://www.youtube.com/watch?v=x2ZcNVDbWOQ,198371,302,65685,2019/11/19
【ポケモン公式】かんあきCHANNELコラボ ～ダンスバージョン～ -ポケモン Kids TV,https://www.youtube.com/watch?v=IjEP-esRoqE,1105542,122000,906,2019/11/19
【WEB限定】豆乳グルトダンス　キレキレバージョン/伊原六花,https://www.youtube.com/watch?v=5BqVXQRubqk,12612,297,4246,2019/11/18
EVERGLOW/Adios カバーダンス,https://www.youtube.com/watch?v=yL8XeSSvTTU,35015,11100,315,2019/11/17
【TikTok】さくらはダンス15曲をランダムで踊れる？,https://www.youtube.com/watch?v=xThzMu5RxeA,1405601,350000,401,2019/11/15
オラフ祭のチェーンダンス（フェロー）,https://www.youtube.com/watch?v=X88ffzgJOsg,302,21,1438,2019/11/15
オラフ祭前日のチェーンダンス（フェロー）,https://www.youtube.com/watch?v=rVWSLpun0c0,307,21,1461,2019/11/15
【BAD GUY】２週間で10キロ痩せるダンスをアラサーが腹筋アレンジverで踊ってみたから一緒にやろう！【痩せるダンス筋トレ】家で一緒にやってみよう,https://www.youtube.com/watch?v=9G0TQpYYyZs,1014346,531000,191,2019/11/05
THE RAMPAGEがダンスバトル！,https://www.youtube.com/watch?v=XBwKro03LJU,203023,11600,1750,2019/11/02
【Youtubeドリーム】憧れの「辻ちゃん」にダンス教わって一緒に踊ってみた！,https://www.youtube.com/watch?v=o148fUwleCc,1405060,2310000,60,2019/11/01
【DATSUDEBU】2週間で10キロ痩せるダンス｜東京ゲゲゲイ（ TOKYO GEGEGAY ）,https://www.youtube.com/watch?v=bCwK8SV12Ys,1226682,48500,2529,2019/11/01
マリオダンス【ダイエット】Dance diet with Mario #070,https://www.youtube.com/watch?v=cXhQqBp4QPc,100532,30000,335,2019/10/31
【TWICE】JYP練習生のダンストレーニングやってみた！！！,https://www.youtube.com/watch?v=E-mwswAuz4c,153490,7110,2158,2019/10/27
ピカチュウ★イーブイといっしょにダンスしたよ♪,https://www.youtube.com/watch?v=hR0np0jCNR8,1941751,3000000,64,2019/10/25
【ポケモン公式】かんあきCHANNELコラボ ～ダンス&amp;バトル～ -ポケモン Kids TV,https://www.youtube.com/watch?v=4_agErCahAg,4366300,122000,3578,2019/10/25
この赤ちゃん先生のダンス教室は今日一番のかわいさ！,https://www.youtube.com/watch?v=pdYYUprTY9w,1060129,32000,3312,2019/10/24
【Bad Guy】150kgのデブと2週間で10kg痩せるダンス踊ってみた！,https://www.youtube.com/watch?v=zTiVv4039WQ,2609002,663000,393,2019/10/19
【TDC】Can&#39;t Stop Dancing!!!!  登美丘高校ダンス部 Tomioka Dance Club,https://www.youtube.com/watch?v=vWUU_y1ivoY,400350,224000,178,2019/10/18
【HANDCLAP】２週間で１０キロ痩せるダンスをお母さん（アラ還）と踊ってみたから一緒に踊ろう！【80年代エアロビver】娘アラサー・母アラ還　【#家で一緒にやってみよう】,https://www.youtube.com/watch?v=tMS7SWB0H8E,4882727,531000,919,2019/10/18
ポカリスエットweb movie｜京都明徳高等学校ダンス部が、ポカリ青ダンス踊ってみた。,https://www.youtube.com/watch?v=qsj6wBA562c,78822,54400,144,2019/10/16
ゴーストダンス / Aqu3ra feat.初音ミク,https://www.youtube.com/watch?v=oJlmclcLD74,422333,45300,932,2019/10/12
みんなでおどろう★グミチョコパンプキン★ハロウィンダンス,https://www.youtube.com/watch?v=TdbDKHempgk,4897830,3000000,163,2019/10/12
ベリーダンス　新宿,https://www.youtube.com/watch?v=j33AGRz_IdQ,9690,1520,637,2019/10/09
Rat-tat-tatダンス超本気で踊ってみた【ハロウィン・ホラー・ナイト】,https://www.youtube.com/watch?v=DDUgOaRul38,1426541,27700,5149,2019/10/08
美 少年【ダンス動画】ねぇ もっと（dance ver.）,https://www.youtube.com/watch?v=iCoGzmIBVFY,919634,1080000,85,2019/10/05
【ダイエットダンス】2週間で10kg痩せるダンス【まなまやver.】,https://www.youtube.com/watch?v=7_EYtrYL274,205321,215000,95,2019/10/05
【MAD】鬼滅の刃【ブリキノダンス】錻離鬼ノ舞踊,https://www.youtube.com/watch?v=w70nk0zoGgA,1669210,8650,19297,2019/10/05
【踊ってみた】金曜日のおはよう ダンス【ハイスクール研究室】,https://www.youtube.com/watch?v=fHmJs2AL7BI,677015,24100,2809,2019/10/04
Travis Japan【ダンス動画】Talk it! Make it! (dance ver.),https://www.youtube.com/watch?v=Y84qcf0QJbU,1382558,1080000,128,2019/10/03
トーンズ・アンド・アイ「ダンス・モンキー 」【日本語字幕付き】,https://www.youtube.com/watch?v=Z4J5Rs30LTM,1073085,2330000,46,2019/10/02
【HANDCLAP】２週間で１００kg痩せるダンスを踊ってみたら死ぬかと思った。,https://www.youtube.com/watch?v=QPJ--w_S__4,4609929,6250000,73,2019/10/01
ポカリスエット｜三重高等学校・中学校ダンス部が、ポカリ青ダンス踊ってみた。,https://www.youtube.com/watch?v=_5DcYlnmIBk,196405,54400,361,2019/10/01
【公式ＭＶ】「オトッペ」新ＥＤソング”ミーチャッタ・ダンス”,https://www.youtube.com/watch?v=5VwBuK7m6Jk,5980557,119000,5025,2019/10/01
【2週間で10kg痩せるダンス】もう１つあったって知ってた?!!,https://www.youtube.com/watch?v=acJjs87QLaE,1607455,221000,727,2019/09/29
【痩せるダンス】TRFのEZ DO DANCEをアラサーが全力で踊ってみたから一緒に踊ろう！【ダイエットダンス Dance Workout】StayHome,https://www.youtube.com/watch?v=8Ozs8VOaegk,1393079,531000,262,2019/09/29
【HANDCLAP】123kgと100kgが2週間で10キロ痩せるダンスを踊ってみた,https://www.youtube.com/watch?v=FVBW-0DcHIM,1432531,63000,2273,2019/09/28
【BAD GUY】2週間で10キロ痩せるダンス踊ってみた,https://www.youtube.com/watch?v=Vle5-S6OMr0,993532,385000,258,2019/09/27
フィロソフィーのダンス/ダンス・オア・ダンス、ミュージック・ビデオ,https://www.youtube.com/watch?v=EjxUe5KaY6M,117189,19700,594,2019/09/26
【HANDCLAP】2週間で10キロ痩せるダンスに初見で挑戦してみた結果www,https://www.youtube.com/watch?v=xV4KHGJhL60,1874003,1070000,175,2019/09/25
おどってみたよ♪ だいすき！ピカチュウとイーブイダンス,https://www.youtube.com/watch?v=GF4re41DciQ,1309818,3000000,43,2019/09/21
i☆Ris / ランダムダンスチャレンジ！【5th Live Tour 2019～FEVER～】,https://www.youtube.com/watch?v=8TdUKk_krx8,771691,5260000,14,2019/09/17
【HANDCLAP】２週間で１０キロ痩せるダンス３０分ノーカットでアラサーが本気で踊ってみたから一緒に踊ろう！【#家で一緒にやってみよう】,https://www.youtube.com/watch?v=EGRvBT0dyfU,3689386,531000,694,2019/09/15
『2週間で10kg痩せるダンス』踊ってみた,https://www.youtube.com/watch?v=SCWA9mlPkmg,274678,3320,8273,2019/09/14
【HANDCLAP】亜衣汁ブシャる！2週間で10kg痩せるダンス踊ってみた【ハンドクラップ】,https://www.youtube.com/watch?v=ng63FcDp_uY,1432096,465000,307,2019/09/13
【 ダンスレクチャー 】この動画を見ればダンスが上達する！ダンサーが教える無料レッスン！！,https://www.youtube.com/watch?v=TWBXho7Vwug,172646,5280,3269,2019/09/13
【HANDCLAP】２週間で１０キロ痩せるダンス１５分ノーカットでアラサーが本気で踊ってみたから一緒に踊ろう！【#家で一緒にやってみよう】,https://www.youtube.com/watch?v=FhWj1GUcdUM,6953041,531000,1309,2019/09/10
"社交ダンス世界1位の神クイックに酔いしれる。。Dmitry zharkov Olga kulikova,Quickstep,2019summer",https://www.youtube.com/watch?v=-VK1cUQaY7Q,128707,1690,7615,2019/09/09
【HANDCLAP】2週間で10キロ痩せるダンス踊ってみた！！【うちで踊ろう】,https://www.youtube.com/watch?v=UJ5vIulxM5g,1416027,369000,383,2019/09/07
【HANDCLAP】２週間で１０キロ痩せるダンスをアラサーが本気で踊ってみたから一緒に踊ろう！〜効果的な踊り方紹介〜　家で一緒にやってみよう,https://www.youtube.com/watch?v=RBYxysBFLkE,216299,531000,40,2019/09/06
【HAND CLAP】2週間で10キロ痩せるダンスを全力で踊ってみたふぉおおおおおおおおおおおおおお,https://www.youtube.com/watch?v=b5ANHcnP9DQ,1437713,716000,200,2019/09/05
【HANDCLAP】2週間で10キロ痩せるダンス30分 ver,https://www.youtube.com/watch?v=TBa2hucpBFs,4519581,2510000,180,2019/09/03
【検証】2週間で10キロ痩せるダンスを2週間毎日やってみた【HANDCLAP】,https://www.youtube.com/watch?v=yjHvLWrXFHo,5614167,8540000,65,2019/09/03
7 MEN 侍【爆笑!しりとりダンス】Travis Japanにダンスで挑む!!,https://www.youtube.com/watch?v=qhnGrbfPI7I,826362,1080000,76,2019/08/23
【10分耐久】2週間で10キロ痩せるダンス！【HANDCLAP】,https://www.youtube.com/watch?v=_Uqg4a3Qw6A,1692234,374000,452,2019/08/23
同志社香里高校ダンス部、登美丘高校破り初優勝 「刻韻」ダンスで頂点に　『DANCE CLUB CHAMPIONSHIP 第7回全国高等学校ダンス部選手権,https://www.youtube.com/watch?v=ZV_CHIsCUlo,314651,864000,36,2019/08/21
【HandClap】2週間で10キロ痩せるダンス踊ってみた！！,https://www.youtube.com/watch?v=K1VjJmSO3GU,5093871,350000,1455,2019/08/21
【カット割りver.】ラストアイドル×akane　史上最高難度ダンス「青春トレイン」（2019.8.10 神宮外苑花火大会）,https://www.youtube.com/watch?v=N88MCz35aTg,1050263,56300,1865,2019/08/17
マンションや室内でも【有酸素運動】ダンスで脂肪燃焼🔥 #056,https://www.youtube.com/watch?v=O5zRRfyQgFo,305705,30000,1019,2019/08/17
【ダンス】おかしのいえをつくろう～！🍭はねまりチャンネル🍬初オリジナルソング🍫子供の歌・童謡,https://www.youtube.com/watch?v=NZl0qe0OcOE,1429447,2980000,47,2019/08/17
【ちびっこHandClap】話題のダンス踊ってみた！【最年少！？】,https://www.youtube.com/watch?v=EipumeFWpTk,904701,195000,463,2019/08/14
【HANDCLAP】2週間で10kg痩せるダンスの効果的な踊り方紹介！一緒にダイエットしよう！◆2주에 10kg 빠지는 춤 ｜Fitz and the Tantrums ／Dancing,https://www.youtube.com/watch?v=PldDFmQKKZs,3100833,276000,1123,2019/08/14
ピカチュウ大量発生チュウ 2019 【みなとみらいの海×ピカチュウ】 ピカチュウダンスショー 赤レンガパーク  Pikachu Dance,https://www.youtube.com/watch?v=QFJlkVUu5Rc,7624,130000,5,2019/08/09
【神回】プロが「2週間で10kg痩せるダンス」を踊ってみた。,https://www.youtube.com/watch?v=PT_7qZDoQSw,1373959,264000,520,2019/08/08
映画「ダンスウィズミー」【VROOM】「ワケあって踊らされました in NY」予告編（VR版）,https://www.youtube.com/watch?v=XwsMgcRKswI,3435,1650,208,2019/08/08
【HandClap】150kgのデブと2週間で10キロ痩せるダンス踊ってみたみた!!!,https://www.youtube.com/watch?v=-M3ATy6qHNQ,1324829,663000,199,2019/08/07
ブリキノダンス 【鬼滅の刃 MAD】,https://www.youtube.com/watch?v=fDjU-OaXuxo,29173,371,7863,2019/08/05
【NHK】ピカピカブー（いないいないばあっ！）【こどものうた・童謡・手遊び・キッズ・ダンス】Japanese Children&#39;s Song,https://www.youtube.com/watch?v=FbHjlmnoq9I,1599195,74700,2140,2019/08/02
TWICE JYP練習生基礎ダンス講座!! 皆んなも一緒に覚えよう！,https://www.youtube.com/watch?v=3vxCIRFY7bI,543716,427,127333,2019/07/29
"【NHK】からだ☆ダンダン＜振り付き＞【こどものうた・童謡・手遊び・キッズ・ダンス】Japanese Children&#39;s Song, Nursery Rhymes,Fingerplay Songs",https://www.youtube.com/watch?v=0LZC5W4dDGA,10496042,74700,14050,2019/07/26
【アニソン2on2ダンスバトル】あきばっか～のvol.8 FINAL スギヲ＆SAYA vs イト＆ネス【 A-POP 2on2 DANCE BATTLE 】,https://www.youtube.com/watch?v=KwUxoC0w4Yo,732973,11100,6603,2019/07/24
ひろしま盆ダンス2019（Hiroshima Bon Dance）/ 2019年8月10日・11日に旧広島市民球場跡地で開催｜浴衣で盆踊り♪,https://www.youtube.com/watch?v=Lrj9SU54Fds,7443,66,11277,2019/07/24
【スマイリー×なろ屋】ダンスロボットダンス歌ってみた,https://www.youtube.com/watch?v=N89Q_xaDwrg,3312284,126000,2628,2019/07/19
[MMD]ライアーダンス Sour式初音ミク鏡音リン巡音ルカ ep.01 悠々杯2nd [PV],https://www.youtube.com/watch?v=xLk4iBXWg58,806231,70500,1143,2019/07/14
【MAD】鬼滅の刃【バケモノダンスフロア】DEMON DANCE FLOOR,https://www.youtube.com/watch?v=2CJrq_75LXI,1570308,8650,18153,2019/07/13
ココミちゃんダンス教えて～！！TVでファントミダンスレッスン☆ファントミディアルでファントミダイヤに変身！himawari-CH,https://www.youtube.com/watch?v=Yx7DHRDWIV8,1220489,2250000,54,2019/07/12
ファントミラージュ変身ごっこ！TVでファントミダンスレッスンで記憶を取り戻せ！ - はねまりチャンネル,https://www.youtube.com/watch?v=QnupQtf-Lx0,1307932,2980000,43,2019/07/12
Spookiz | ダンスCula | 스푸키즈 | 面白い漫画 | キッズ漫画 | WildBrain,https://www.youtube.com/watch?v=J-CdXJFL11o,1894561,545000,347,2019/07/02
フジモン 嵐のダンス vs嵐 つなぐ Monster I seek ARASHI 復活LOVE GUTS! 台風ジェネレーション,https://www.youtube.com/watch?v=AtiQQ0YLxno,4141799,6910,59939,2019/06/21
若き日のナイナイ岡村隆史のブレイクダンスがガチで凄い,https://www.youtube.com/watch?v=3l_gmyqUflY,1628997,1740,93620,2019/06/18
【ダンスドッキリ】もしもおじいちゃんが世界大会優勝者だったら。。inニコニコ超会議（Old man dance performance in Tokyo・ラブライブ踊ってみた）,https://www.youtube.com/watch?v=h_Umci5pN6k,576208,542000,106,2019/06/16
Denki Groove - Mononoke dance | 電気グルーヴ - モノノケダンス,https://www.youtube.com/watch?v=cQTQAeTBDzo,253154,126,200915,2019/06/15
Kraraベリーダンス　③（生徒さん） ☽月の祭り,https://www.youtube.com/watch?v=PtLPjEnybxE,2373,1190,199,2019/06/11
社交ダンス　スローフォックストロット　２０１９日本インター規定フィガー,https://www.youtube.com/watch?v=5OWIEXYoW2w,160442,17500,916,2019/06/09
幻想神域 アイドル ダンス 動画  『ラブリーダンス』 Aura Kingdom,https://www.youtube.com/watch?v=SdtIXzpcPCQ,2725,724,376,2019/06/08
【踊ってみた】K-POPランダムダンスをやってみた第二弾！,https://www.youtube.com/watch?v=6zyIjHB7ElI,1710672,663000,258,2019/06/02
横浜ダンスコレクション2020　コンペティションⅠ　振付家募集,https://www.youtube.com/watch?v=3yulG-9CXg4,522,386,135,2019/05/31
Snow Man【ダンス動画】Lock on! (dance ver.),https://www.youtube.com/watch?v=QwbkhsB9_RU,5932557,1080000,549,2019/05/29
[4k 60p] 海老名高校 ダンス部 - U.S.A.,https://www.youtube.com/watch?v=Zf6WpEypJB0,1097661,14900,7366,2019/05/25
Travis Japan【ダンス動画】VOLCANO (dance ver.),https://www.youtube.com/watch?v=pN0tLzS6Lqc,1846624,1080000,170,2019/05/23
【検証】東大生なら10分でダンスの振付け丸暗記できるのか？,https://www.youtube.com/watch?v=GxO2Bs1dXOY,917992,1310000,70,2019/05/21
【公式】東京ディズニーランド キッズダンスプログラム「ジャンボリミッキー！」③お手本を見てみよう！| 東京ディズニーランド/Tokyo Disneyland,https://www.youtube.com/watch?v=lvigDaoyelI,1708446,577000,296,2019/05/13
【公式】東京ディズニーランド キッズダンスプログラム「ジャンボリミッキー！」①ディズニーの仲間たちと踊ろう！ | 東京ディズニーランド/Tokyo Disneyland,https://www.youtube.com/watch?v=pHnP5o9GeJc,13759910,577000,2384,2019/05/13
Snow Man【ダンス動画】Make It Hot (dance ver.),https://www.youtube.com/watch?v=xYKgsayz4WY,6325581,1080000,585,2019/05/08
「痩せすぎ注意ダンス」の最新版　目指すは10キロダイエット【本当に痩せるダンス】,https://www.youtube.com/watch?v=t8RHCrZICIg,1496564,75100,1992,2019/05/04
